"_id","age","food_item","meal_category","region","__v"
"671c18b2bf2241294354ef4c",48,"Murukku","Street Food","Rajasthan",0
"671c18b2bf2241294354ef4d",15,"Samosa","Indian Curry","Delhi",0
"671c18b2bf2241294354ef4e",38,"Spring Rolls","Vegan","Gujarat",0
"671c18b2bf2241294354ef4f",62,"Kachori","Chinese","Kerala",0
"671c18b2bf2241294354ef50",54,"Vegan Pulao","Dessert","Delhi",0
"671c18b2bf2241294354ef51",64,"Butter Chicken","Dessert","Punjab",0
"671c18b2bf2241294354ef52",26,"Mutton Rogan Josh","Snacks","Tamil Nadu",0
"671c18b2bf2241294354ef53",36,"Hot and Sour Soup","Street Food","Tamil Nadu",0
"671c18b2bf2241294354ef54",31,"Goan Prawn Curry","Vegan","Karnataka",0
"671c18b2bf2241294354ef55",14,"Oats Upma","Seafood","Tamil Nadu",0
"671c18b2bf2241294354ef56",59,"Butter Chicken","Indian Curry","Tamil Nadu",0
"671c18b2bf2241294354ef57",57,"Peda","Vegan","Punjab",0
"671c18b2bf2241294354ef58",27,"Tikki","Snacks","Gujarat",0
"671c18b2bf2241294354ef59",24,"Chicken Curry","Street Food","Punjab",0
"671c18b2bf2241294354ef5a",37,"Rabri","Vegan","Punjab",0
"671c18b2bf2241294354ef5b",27,"Vada Pav","Cheesy","Karnataka",0
"671c18b2bf2241294354ef5c",66,"Salad","Healthy","Kerala",0
"671c18b2bf2241294354ef5d",59,"Chaat","Snacks","Rajasthan",0
"671c18b2bf2241294354ef5e",18,"Murukku","Dessert","Rajasthan",0
"671c18b2bf2241294354ef5f",32,"Kheer","Vegan","Maharashtra",0
"671c18b2bf2241294354ef60",10,"Dahi Puri","Vegan","Tamil Nadu",0
"671c18b2bf2241294354ef61",38,"Vegetable Biryani","Indian Curry","Delhi",0
"671c18b2bf2241294354ef62",47,"Cheese Stuffed Mushroom","Chinese","Delhi",0
"671c18b2bf2241294354ef63",27,"Dahi Puri","Seafood","Maharashtra",0
"671c18b2bf2241294354ef64",37,"Aloo Tikki","Dessert","Rajasthan",0
"671c18b2bf2241294354ef65",43,"Spicy Prawn Curry","Indian Curry","Delhi",0
"671c18b2bf2241294354ef66",46,"Pav Bhaji","Snacks","Delhi",0
"671c18b2bf2241294354ef67",57,"Aloo Tikki","Seafood","Uttar Pradesh",0
"671c18b2bf2241294354ef68",38,"Tandoori Chicken","Indian Curry","Gujarat",0
"671c18b2bf2241294354ef69",55,"Paneer Tikka","Seafood","Karnataka",0
"671c18b2bf2241294354ef6a",66,"Dahi Puri","Dessert","Gujarat",0
"671c18b2bf2241294354ef6b",11,"Aloo Tikki","Cheesy","Punjab",0
"671c18b2bf2241294354ef6c",70,"Sprouted Moong Salad","Indian Curry","Punjab",0
"671c18b2bf2241294354ef6d",51,"Barfi","Chinese","Kerala",0
"671c18b2bf2241294354ef6e",30,"Vegetable Biryani","Healthy","Maharashtra",0
"671c18b2bf2241294354ef6f",47,"Vegetable Biryani","Cheesy","Kerala",0
"671c18b2bf2241294354ef70",64,"Pani Puri","Snacks","Maharashtra",0
"671c18b2bf2241294354ef71",25,"Murukku","Cheesy","Uttar Pradesh",0
"671c18b2bf2241294354ef72",20,"Pav Bhaji","Seafood","Delhi",0
"671c18b2bf2241294354ef73",39,"Pani Puri","Cheesy","Kerala",0
"671c18b2bf2241294354ef74",33,"Pakoras","Seafood","Gujarat",0
"671c18b2bf2241294354ef75",20,"Vegetable Chow Mein","Vegan","Karnataka",0
"671c18b2bf2241294354ef76",48,"Sweet and Sour Chicken","Dessert","Maharashtra",0
"671c18b2bf2241294354ef77",10,"Cheesy Veggie Wrap","Spicy","Delhi",0
"671c18b2bf2241294354ef78",54,"Oats Upma","Spicy","Uttar Pradesh",0
"671c18b2bf2241294354ef79",38,"Paneer Butter Masala","Indian Curry","Karnataka",0
"671c18b2bf2241294354ef7a",36,"Dal Makhani","Street Food","Delhi",0
"671c18b2bf2241294354ef7b",47,"Cheese Dosa","Dessert","Maharashtra",0
"671c18b2bf2241294354ef7c",32,"Chaat","Street Food","Uttar Pradesh",0
"671c18b2bf2241294354ef7d",69,"Salad","Healthy","Tamil Nadu",0
"671c18b2bf2241294354ef7e",33,"Stuffed Capsicum","Healthy","Kerala",0
"671c18b2bf2241294354ef7f",41,"Rajma","Healthy","Punjab",0
"671c18b2bf2241294354ef80",70,"Hakka Noodles","Street Food","Tamil Nadu",0
"671c18b2bf2241294354ef81",13,"Tandoori Cauliflower","Street Food","Gujarat",0
"671c18b2bf2241294354ef82",55,"Chicken Vindaloo","Cheesy","Punjab",0
"671c18b2bf2241294354ef83",34,"Grilled Paneer","Indian Curry","Kerala",0
"671c18b2bf2241294354ef84",15,"Fish Fry","Cheesy","Rajasthan",0
"671c18b2bf2241294354ef85",68,"Fish Tikka","Spicy","Delhi",0
"671c18b2bf2241294354ef86",64,"Fish Curry","Healthy","Delhi",0
"671c18b2bf2241294354ef87",13,"Aloo Gobi","Cheesy","Maharashtra",0
"671c18b2bf2241294354ef88",63,"Stuffed Capsicum","Vegan","Punjab",0
"671c18b2bf2241294354ef89",32,"Spicy Szechuan Noodles","Seafood","Rajasthan",0
"671c18b2bf2241294354ef8a",54,"Mixed Vegetable Stir Fry","Spicy","Punjab",0
"671c18b2bf2241294354ef8b",60,"Kuchcha Aam Ki Barfi","Vegan","Kerala",0
"671c18b2bf2241294354ef8c",49,"Rajma Chawal","Spicy","Maharashtra",0
"671c18b2bf2241294354ef8d",24,"Oats Upma","Chinese","Tamil Nadu",0
"671c18b2bf2241294354ef8e",41,"Fish Tikka","Spicy","Gujarat",0
"671c18b2bf2241294354ef8f",59,"Cheese Stuffed Mushroom","Indian Curry","Delhi",0
"671c18b2bf2241294354ef90",22,"Paneer Butter Masala","Spicy","Kerala",0
"671c18b2bf2241294354ef91",66,"Mixed Vegetable Stir Fry","Cheesy","Uttar Pradesh",0
"671c18b2bf2241294354ef92",10,"Cheesy Garlic Bread","Healthy","West Bengal",0
"671c18b2bf2241294354ef93",22,"Chana Masala","Chinese","West Bengal",0
"671c18b2bf2241294354ef94",33,"Dal Tadka","Snacks","Maharashtra",0
"671c18b2bf2241294354ef95",44,"Kachori","Snacks","Tamil Nadu",0
"671c18b2bf2241294354ef96",24,"Cheese Stuffed Mushroom","Indian Curry","Delhi",0
"671c18b2bf2241294354ef97",47,"Kachori","Seafood","Punjab",0
"671c18b2bf2241294354ef98",49,"Vada Pav","Chinese","West Bengal",0
"671c18b2bf2241294354ef99",64,"Cheese Samosa","Indian Curry","Uttar Pradesh",0
"671c18b2bf2241294354ef9a",62,"Kung Pao Chicken","Street Food","Tamil Nadu",0
"671c18b2bf2241294354ef9b",49,"Vegetable Soup","Seafood","Uttar Pradesh",0
"671c18b2bf2241294354ef9c",26,"Cheesy Pasta","Indian Curry","Maharashtra",0
"671c18b2bf2241294354ef9d",18,"Chicken Curry","Indian Curry","Kerala",0
"671c18b2bf2241294354ef9e",38,"Cheesy Veggie Wrap","Snacks","West Bengal",0
"671c18b2bf2241294354ef9f",13,"Tandoori Cauliflower","Seafood","Delhi",0
"671c18b2bf2241294354efa0",24,"Spring Rolls","Street Food","Karnataka",0
"671c18b2bf2241294354efa1",11,"Pakoras","Spicy","Gujarat",0
"671c18b2bf2241294354efa2",67,"Gulab Jamun","Vegan","Tamil Nadu",0
"671c18b2bf2241294354efa3",55,"Spicy Prawn Curry","Cheesy","Karnataka",0
"671c18b2bf2241294354efa4",60,"Dal Makhani","Spicy","Tamil Nadu",0
"671c18b2bf2241294354efa5",33,"Prawn Biryani","Indian Curry","Tamil Nadu",0
"671c18b2bf2241294354efa6",35,"Masala Dosa","Chinese","Karnataka",0
"671c18b2bf2241294354efa7",57,"Chicken Curry","Dessert","Rajasthan",0
"671c18b2bf2241294354efa8",55,"Prawn Masala","Cheesy","Kerala",0
"671c18b2bf2241294354efa9",67,"Jalebi","Chinese","Karnataka",0
"671c18b2bf2241294354efaa",29,"Murukku","Cheesy","West Bengal",0
"671c18b2bf2241294354efab",49,"Ghar Ka Khana","Street Food","Gujarat",0
"671c18b2bf2241294354efac",28,"Fish Curry","Spicy","Uttar Pradesh",0
"671c18b2bf2241294354efad",58,"Kachori","Indian Curry","Uttar Pradesh",0
"671c18b2bf2241294354efae",29,"Tandoori Fish","Indian Curry","Karnataka",0
"671c18b2bf2241294354efaf",26,"Rajma Chawal","Chinese","Maharashtra",0
"671c18b2bf2241294354efb0",59,"Cheesy Veggie Wrap","Seafood","Maharashtra",0
"671c18b2bf2241294354efb1",28,"Paneer Tikka Masala","Street Food","Tamil Nadu",0
"671c18b2bf2241294354efb2",62,"Kachori","Cheesy","Gujarat",0
"671c18b2bf2241294354efb3",40,"Cheesy Garlic Bread","Cheesy","Kerala",0
"671c18b2bf2241294354efb4",11,"Mac and Cheese","Seafood","Gujarat",0
"671c18b2bf2241294354efb5",16,"Chili Chicken","Street Food","Gujarat",0
"671c18b2bf2241294354efb6",18,"Aloo Tikki Chaat","Healthy","Maharashtra",0
"671c18b2bf2241294354efb7",28,"Baingan Bharta","Snacks","Maharashtra",0
"671c18b2bf2241294354efb8",27,"Fried Rice","Healthy","Tamil Nadu",0
"671c18b2bf2241294354efb9",43,"Vegetable Soup","Snacks","Karnataka",0
"671c18b2bf2241294354efba",39,"Barfi","Seafood","Delhi",0
"671c18b2bf2241294354efbb",39,"Vegetable Biryani","Dessert","Punjab",0
"671c18b2bf2241294354efbc",40,"Chaat","Healthy","Tamil Nadu",0
"671c18b2bf2241294354efbd",46,"Ghar Ka Khana","Vegan","Maharashtra",0
"671c18b2bf2241294354efbe",15,"Hakka Noodles","Indian Curry","Rajasthan",0
"671c18b2bf2241294354efbf",33,"Ladoo","Chinese","Maharashtra",0
"671c18b2bf2241294354efc0",10,"Malabar Fish Curry","Cheesy","Uttar Pradesh",0
"671c18b2bf2241294354efc1",13,"Vada Pav","Cheesy","Punjab",0
"671c18b2bf2241294354efc2",29,"Chana Masala","Seafood","Uttar Pradesh",0
"671c18b2bf2241294354efc3",48,"Tandoori Chicken","Indian Curry","Gujarat",0
"671c18b2bf2241294354efc4",34,"Chili Chicken","Spicy","Maharashtra",0
"671c18b2bf2241294354efc5",63,"Hot and Sour Soup","Healthy","Kerala",0
"671c18b2bf2241294354efc6",32,"Chana Masala","Indian Curry","Karnataka",0
"671c18b2bf2241294354efc7",39,"Baingan Bharta","Chinese","Uttar Pradesh",0
"671c18b2bf2241294354efc8",65,"Kachori","Spicy","Delhi",0
"671c18b2bf2241294354efc9",11,"Murukku","Cheesy","West Bengal",0
"671c18b2bf2241294354efca",16,"Mutton Rogan Josh","Seafood","Punjab",0
"671c18b2bf2241294354efcb",30,"Sprouted Moong Salad","Spicy","Karnataka",0
"671c18b2bf2241294354efcc",54,"Bombil Fry","Healthy","Maharashtra",0
"671c18b2bf2241294354efcd",40,"Cheesy Pasta","Chinese","West Bengal",0
"671c18b2bf2241294354efce",12,"Cheesy Garlic Bread","Indian Curry","Delhi",0
"671c18b2bf2241294354efcf",38,"Chicken Curry","Vegan","Kerala",0
"671c18b2bf2241294354efd0",49,"Cheesy Garlic Bread","Chinese","Maharashtra",0
"671c18b2bf2241294354efd1",28,"Rasgulla","Healthy","Punjab",0
"671c18b2bf2241294354efd2",30,"Chaat","Snacks","Gujarat",0
"671c18b2bf2241294354efd3",28,"Oats Upma","Vegan","Tamil Nadu",0
"671c18b2bf2241294354efd4",38,"Chicken Vindaloo","Chinese","Punjab",0
"671c18b2bf2241294354efd5",23,"Pani Puri","Chinese","Uttar Pradesh",0
"671c18b2bf2241294354efd6",32,"Zucchini Noodles","Chinese","Karnataka",0
"671c18b2bf2241294354efd7",17,"Rabri","Street Food","Kerala",0
"671c18b2bf2241294354efd8",57,"Salad","Indian Curry","Karnataka",0
"671c18b2bf2241294354efd9",29,"Fish Fry","Dessert","Uttar Pradesh",0
"671c18b2bf2241294354efda",17,"Goan Prawn Curry","Vegan","Karnataka",0
"671c18b2bf2241294354efdb",43,"Rabri","Vegan","Tamil Nadu",0
"671c18b2bf2241294354efdc",25,"Cheesy Garlic Bread","Seafood","West Bengal",0
"671c18b2bf2241294354efdd",67,"Mac and Cheese","Dessert","Punjab",0
"671c18b2bf2241294354efde",48,"Murukku","Dessert","West Bengal",0
"671c18b2bf2241294354efdf",37,"Fish Curry","Dessert","Tamil Nadu",0
"671c18b2bf2241294354efe0",46,"Aloo Gobi","Spicy","Delhi",0
"671c18b2bf2241294354efe1",53,"Mutton Rogan Josh","Vegan","Tamil Nadu",0
"671c18b2bf2241294354efe2",37,"Vada Pav","Vegan","West Bengal",0
"671c18b2bf2241294354efe3",36,"Aloo Tikki Chaat","Street Food","Kerala",0
"671c18b2bf2241294354efe4",51,"Mutton Rogan Josh","Spicy","Uttar Pradesh",0
"671c18b2bf2241294354efe5",56,"Bhindi Masala","Cheesy","Gujarat",0
"671c18b2bf2241294354efe6",43,"Pani Puri","Cheesy","Karnataka",0
"671c18b2bf2241294354efe7",35,"Spring Rolls","Healthy","Rajasthan",0
"671c18b2bf2241294354efe8",26,"Vegan Pulao","Chinese","Delhi",0
"671c18b2bf2241294354efe9",31,"Ghar Ka Khana","Vegan","Delhi",0
"671c18b2bf2241294354efea",22,"Dal Tadka","Seafood","Gujarat",0
"671c18b2bf2241294354efeb",16,"Ladoo","Snacks","Karnataka",0
"671c18b2bf2241294354efec",54,"Butter Chicken","Seafood","Kerala",0
"671c18b2bf2241294354efed",51,"Salad","Chinese","Uttar Pradesh",0
"671c18b2bf2241294354efee",68,"Paneer Tikka","Cheesy","West Bengal",0
"671c18b2bf2241294354efef",13,"Fish Curry","Street Food","Karnataka",0
"671c18b2bf2241294354eff0",61,"Vegetable Soup","Dessert","Tamil Nadu",0
"671c18b2bf2241294354eff1",33,"Paneer Tikka Masala","Healthy","Rajasthan",0
"671c18b2bf2241294354eff2",33,"Fish Curry","Chinese","Uttar Pradesh",0
"671c18b2bf2241294354eff3",69,"Palak Chaat","Indian Curry","Kerala",0
"671c18b2bf2241294354eff4",46,"Dim Sum","Snacks","Gujarat",0
"671c18b2bf2241294354eff5",53,"Stuffed Capsicum","Chinese","Tamil Nadu",0
"671c18b2bf2241294354eff6",47,"Chicken Curry","Seafood","Maharashtra",0
"671c18b2bf2241294354eff7",20,"Aloo Tikki","Seafood","Delhi",0
"671c18b2bf2241294354eff8",32,"Chicken Curry","Chinese","Tamil Nadu",0
"671c18b2bf2241294354eff9",67,"Cheesy Garlic Bread","Seafood","Maharashtra",0
"671c18b2bf2241294354effa",20,"Jalebi","Snacks","Karnataka",0
"671c18b2bf2241294354effb",10,"Spicy Prawn Curry","Chinese","Uttar Pradesh",0
"671c18b2bf2241294354effc",28,"Murukku","Dessert","Punjab",0
"671c18b2bf2241294354effd",26,"Fish Tikka","Snacks","Rajasthan",0
"671c18b2bf2241294354effe",39,"Chicken Vindaloo","Snacks","Karnataka",0
"671c18b2bf2241294354efff",69,"Kheer","Dessert","Delhi",0
"671c18b2bf2241294354f000",31,"Kheer","Healthy","Punjab",0
"671c18b2bf2241294354f001",67,"Grilled Paneer","Spicy","Uttar Pradesh",0
"671c18b2bf2241294354f002",38,"Vegetable Soup","Healthy","Maharashtra",0
"671c18b2bf2241294354f003",69,"Dahi Puri","Snacks","Tamil Nadu",0
"671c18b2bf2241294354f004",54,"Rabri","Vegan","Gujarat",0
"671c18b2bf2241294354f005",51,"Sev Puri","Seafood","Maharashtra",0
"671c18b2bf2241294354f006",57,"Chili Chicken","Dessert","Rajasthan",0
"671c18b2bf2241294354f007",70,"Ghar Ka Khana","Spicy","Rajasthan",0
"671c18b2bf2241294354f008",40,"Pani Puri","Street Food","Delhi",0
"671c18b2bf2241294354f009",33,"Prawn Masala","Indian Curry","Karnataka",0
"671c18b2bf2241294354f00a",13,"Stuffed Capsicum","Dessert","Karnataka",0
"671c18b2bf2241294354f00b",60,"Manchurian","Seafood","Punjab",0
"671c18b2bf2241294354f00c",47,"Rajma","Seafood","Tamil Nadu",0
"671c18b2bf2241294354f00d",52,"Crab Masala","Vegan","Kerala",0
"671c18b2bf2241294354f00e",70,"Palak Paneer","Indian Curry","Karnataka",0
"671c18b2bf2241294354f00f",16,"Spring Rolls","Healthy","Karnataka",0
"671c18b2bf2241294354f010",30,"Cheese Pav Bhaji","Cheesy","Rajasthan",0
"671c18b2bf2241294354f011",55,"Chaat","Dessert","Rajasthan",0
"671c18b2bf2241294354f012",69,"Rasgulla","Street Food","Maharashtra",0
"671c18b2bf2241294354f013",48,"Chicken Vindaloo","Cheesy","Gujarat",0
"671c18b2bf2241294354f014",47,"Vegetable Soup","Dessert","Kerala",0
"671c18b2bf2241294354f015",14,"Murukku","Street Food","Karnataka",0
"671c18b2bf2241294354f016",50,"Methi Paratha","Street Food","Delhi",0
"671c18b2bf2241294354f017",52,"Grilled Paneer","Vegan","West Bengal",0
"671c18b2bf2241294354f018",44,"Gulab Jamun","Snacks","Punjab",0
"671c18b2bf2241294354f019",65,"Kheer","Snacks","Tamil Nadu",0
"671c18b2bf2241294354f01a",43,"Cheese Samosa","Chinese","Kerala",0
"671c18b2bf2241294354f01b",50,"Aloo Tikki Chaat","Vegan","Maharashtra",0
"671c18b2bf2241294354f01c",53,"Crab Masala","Street Food","Gujarat",0
"671c18b2bf2241294354f01d",18,"Gulab Jamun","Indian Curry","Uttar Pradesh",0
"671c18b2bf2241294354f01e",12,"Stuffed Capsicum","Snacks","Maharashtra",0
"671c18b2bf2241294354f01f",39,"Gulab Jamun","Chinese","Punjab",0
"671c18b2bf2241294354f020",16,"Cheesy Garlic Bread","Vegan","West Bengal",0
"671c18b2bf2241294354f021",13,"Gulab Jamun","Street Food","Punjab",0
"671c18b2bf2241294354f022",26,"Manchurian","Indian Curry","Maharashtra",0
"671c18b2bf2241294354f023",55,"Chili Chicken","Spicy","West Bengal",0
"671c18b2bf2241294354f024",52,"Spicy Prawn Curry","Street Food","Gujarat",0
"671c18b2bf2241294354f025",25,"Sev Puri","Healthy","Tamil Nadu",0
"671c18b2bf2241294354f026",57,"Cheese Dosa","Cheesy","Karnataka",0
"671c18b2bf2241294354f027",55,"Paneer Butter Masala","Cheesy","Kerala",0
"671c18b2bf2241294354f028",47,"Jalebi","Spicy","Punjab",0
"671c18b2bf2241294354f029",29,"Kung Pao Chicken","Street Food","Rajasthan",0
"671c18b2bf2241294354f02a",49,"Chana Masala","Street Food","Punjab",0
"671c18b2bf2241294354f02b",52,"Vegan Pulao","Cheesy","Delhi",0
"671c18b2bf2241294354f02c",21,"Vegetable Chow Mein","Healthy","Rajasthan",0
"671c18b2bf2241294354f02d",25,"Murukku","Healthy","Karnataka",0
"671c18b2bf2241294354f02e",17,"Vegetable Chow Mein","Healthy","Kerala",0
"671c18b2bf2241294354f02f",30,"Murukku","Street Food","Tamil Nadu",0
"671c18b2bf2241294354f030",30,"Dahi Puri","Seafood","Tamil Nadu",0
"671c18b2bf2241294354f031",21,"Peda","Seafood","Tamil Nadu",0
"671c18b2bf2241294354f032",34,"Masala Dosa","Dessert","Punjab",0
"671c18b2bf2241294354f033",31,"Ladoo","Healthy","Gujarat",0
"671c18b2bf2241294354f034",44,"Cheese Stuffed Mushroom","Healthy","Rajasthan",0
"671c18b2bf2241294354f035",58,"Pakoras","Street Food","Uttar Pradesh",0
"671c18b2bf2241294354f036",51,"Chaat","Chinese","Maharashtra",0
"671c18b2bf2241294354f037",34,"Mutton Rogan Josh","Chinese","Tamil Nadu",0
"671c18b2bf2241294354f038",30,"Chicken Vindaloo","Spicy","West Bengal",0
"671c18b2bf2241294354f039",45,"Goan Prawn Curry","Seafood","Maharashtra",0
"671c18b2bf2241294354f03a",52,"Vegan Pulao","Indian Curry","Gujarat",0
"671c18b2bf2241294354f03b",11,"Pakoras","Chinese","West Bengal",0
"671c18b2bf2241294354f03c",53,"Gulab Jamun","Seafood","Tamil Nadu",0
"671c18b2bf2241294354f03d",58,"Salad","Spicy","Gujarat",0
"671c18b2bf2241294354f03e",58,"Chana Masala","Street Food","Rajasthan",0
"671c18b2bf2241294354f03f",40,"Fried Rice","Chinese","Punjab",0
"671c18b2bf2241294354f040",52,"Kachori","Chinese","Punjab",0
"671c18b2bf2241294354f041",19,"Ladoo","Indian Curry","Delhi",0
"671c18b2bf2241294354f042",58,"Aloo Gobi","Indian Curry","Rajasthan",0
"671c18b2bf2241294354f043",64,"Sprouted Moong Salad","Indian Curry","Kerala",0
"671c18b2bf2241294354f044",57,"Vegetable Biryani","Chinese","Rajasthan",0
"671c18b2bf2241294354f045",29,"Vada Pav","Seafood","Karnataka",0
"671c18b2bf2241294354f046",27,"Fried Rice","Snacks","West Bengal",0
"671c18b2bf2241294354f047",11,"Fish Fry","Street Food","West Bengal",0
"671c18b2bf2241294354f048",17,"Samosa","Snacks","Tamil Nadu",0
"671c18b2bf2241294354f049",32,"Tikki","Snacks","Tamil Nadu",0
"671c18b2bf2241294354f04a",19,"Pani Puri","Healthy","Kerala",0
"671c18b2bf2241294354f04b",30,"Methi Paratha","Cheesy","Gujarat",0
"671c18b2bf2241294354f04c",25,"Barfi","Healthy","Gujarat",0
"671c18b2bf2241294354f04d",61,"Baingan Bharta","Healthy","Punjab",0
"671c18b2bf2241294354f04e",42,"Chicken Vindaloo","Dessert","Gujarat",0
"671c18b2bf2241294354f04f",32,"Chili Chicken","Snacks","Uttar Pradesh",0
"671c18b2bf2241294354f050",30,"Pani Puri","Cheesy","Tamil Nadu",0
"671c18b2bf2241294354f051",24,"Cheese Samosa","Vegan","Tamil Nadu",0
"671c18b2bf2241294354f052",22,"Barfi","Healthy","Kerala",0
"671c18b2bf2241294354f053",21,"Palak Paneer","Street Food","Uttar Pradesh",0
"671c18b2bf2241294354f054",62,"Paneer Tikka","Dessert","Uttar Pradesh",0
"671c18b2bf2241294354f055",32,"Spicy Prawn Curry","Vegan","West Bengal",0
"671c18b2bf2241294354f056",57,"Kung Pao Chicken","Spicy","Karnataka",0
"671c18b2bf2241294354f057",67,"Kachori","Indian Curry","Tamil Nadu",0
"671c18b2bf2241294354f058",49,"Tandoori Fish","Seafood","Maharashtra",0
"671c18b2bf2241294354f059",35,"Jalebi","Dessert","Gujarat",0
"671c18b2bf2241294354f05a",23,"Spicy Szechuan Noodles","Street Food","Gujarat",0
"671c18b2bf2241294354f05b",53,"Dim Sum","Chinese","Uttar Pradesh",0
"671c18b2bf2241294354f05c",34,"Chaat","Indian Curry","Delhi",0
"671c18b2bf2241294354f05d",37,"Tikki","Dessert","Rajasthan",0
"671c18b2bf2241294354f05e",21,"Fish Tikka","Spicy","Karnataka",0
"671c18b2bf2241294354f05f",27,"Methi Paratha","Street Food","Gujarat",0
"671c18b2bf2241294354f060",10,"Pav Bhaji","Chinese","Tamil Nadu",0
"671c18b2bf2241294354f061",46,"Sev","Vegan","Gujarat",0
"671c18b2bf2241294354f062",58,"Peda","Cheesy","Uttar Pradesh",0
"671c18b2bf2241294354f063",54,"Fish Curry","Dessert","Kerala",0
"671c18b2bf2241294354f064",67,"Chaat","Street Food","Kerala",0
"671c18b2bf2241294354f065",61,"Chaat","Dessert","Tamil Nadu",0
"671c18b2bf2241294354f066",23,"Pani Puri","Snacks","Karnataka",0
"671c18b2bf2241294354f067",46,"Aloo Gobi","Seafood","West Bengal",0
"671c18b2bf2241294354f068",48,"Butter Chicken","Seafood","Gujarat",0
"671c18b2bf2241294354f069",58,"Ghar Ka Khana","Cheesy","West Bengal",0
"671c18b2bf2241294354f06a",52,"Tandoori Chicken","Snacks","Kerala",0
"671c18b2bf2241294354f06b",43,"Aloo Gobi","Chinese","Maharashtra",0
"671c18b2bf2241294354f06c",27,"Hot and Sour Soup","Seafood","Maharashtra",0
"671c18b2bf2241294354f06d",58,"Grilled Paneer","Healthy","Delhi",0
"671c18b2bf2241294354f06e",23,"Grilled Paneer","Spicy","Uttar Pradesh",0
"671c18b2bf2241294354f06f",39,"Tandoori Cauliflower","Seafood","Rajasthan",0
"671c18b2bf2241294354f070",22,"Manchurian","Vegan","Uttar Pradesh",0
"671c18b2bf2241294354f071",67,"Bombil Fry","Healthy","Rajasthan",0
"671c18b2bf2241294354f072",25,"Fish Tikka","Chinese","Karnataka",0
"671c18b2bf2241294354f073",38,"Spicy Szechuan Noodles","Indian Curry","Rajasthan",0
"671c18b2bf2241294354f074",56,"Cheesy Garlic Bread","Street Food","West Bengal",0
"671c18b2bf2241294354f075",67,"Malabar Fish Curry","Dessert","Kerala",0
"671c18b2bf2241294354f076",22,"Kuchcha Aam Ki Barfi","Street Food","Karnataka",0
"671c18b2bf2241294354f077",13,"Vada Pav","Snacks","West Bengal",0
"671c18b2bf2241294354f078",51,"Aloo Tikki","Spicy","Delhi",0
"671c18b2bf2241294354f079",24,"Sprouted Moong Salad","Chinese","West Bengal",0
"671c18b2bf2241294354f07a",69,"Paneer Butter Masala","Dessert","Maharashtra",0
"671c18b2bf2241294354f07b",39,"Vegetable Biryani","Snacks","Punjab",0
"671c18b2bf2241294354f07c",63,"Chana Masala","Vegan","West Bengal",0
"671c18b2bf2241294354f07d",25,"Vada Pav","Healthy","West Bengal",0
"671c18b2bf2241294354f07e",29,"Chaat","Cheesy","Maharashtra",0
"671c18b2bf2241294354f07f",50,"Mac and Cheese","Seafood","Kerala",0
"671c18b2bf2241294354f080",53,"Stuffed Bell Peppers","Dessert","Kerala",0
"671c18b2bf2241294354f081",54,"Rajma Chawal","Street Food","West Bengal",0
"671c18b2bf2241294354f082",10,"Pork Ribs","Healthy","Karnataka",0
"671c18b2bf2241294354f083",39,"Rajma","Dessert","Punjab",0
"671c18b2bf2241294354f084",45,"Chili Chicken","Snacks","Rajasthan",0
"671c18b2bf2241294354f085",42,"Grilled Paneer","Dessert","Delhi",0
"671c18b2bf2241294354f086",32,"Kachori","Seafood","Gujarat",0
"671c18b2bf2241294354f087",70,"Pav Bhaji","Chinese","Maharashtra",0
"671c18b2bf2241294354f088",21,"Spring Rolls","Snacks","Karnataka",0
"671c18b2bf2241294354f089",24,"Grilled Paneer","Snacks","Delhi",0
"671c18b2bf2241294354f08a",29,"Rajma Chawal","Chinese","Delhi",0
"671c18b2bf2241294354f08b",31,"Mac and Cheese","Street Food","Karnataka",0
"671c18b2bf2241294354f08c",69,"Masala Dosa","Indian Curry","Tamil Nadu",0
"671c18b2bf2241294354f08d",57,"Zucchini Noodles","Vegan","Rajasthan",0
"671c18b2bf2241294354f08e",16,"Peda","Healthy","Delhi",0
"671c18b2bf2241294354f08f",67,"Vegan Pulao","Street Food","Punjab",0
"671c18b2bf2241294354f090",34,"Kheer","Seafood","Uttar Pradesh",0
"671c18b2bf2241294354f091",39,"Pork Ribs","Cheesy","Kerala",0
"671c18b2bf2241294354f092",32,"Pakoras","Indian Curry","West Bengal",0
"671c18b2bf2241294354f093",51,"Dim Sum","Vegan","Rajasthan",0
"671c18b2bf2241294354f094",59,"Samosa","Dessert","Punjab",0
"671c18b2bf2241294354f095",50,"Cheesy Garlic Bread","Indian Curry","Delhi",0
"671c18b2bf2241294354f096",70,"Rabri","Vegan","Tamil Nadu",0
"671c18b2bf2241294354f097",57,"Chili Chicken","Seafood","Delhi",0
"671c18b2bf2241294354f098",33,"Aloo Tikki","Healthy","Punjab",0
"671c18b2bf2241294354f099",35,"Goan Prawn Curry","Indian Curry","Punjab",0
"671c18b2bf2241294354f09a",10,"Gajar Halwa","Spicy","Uttar Pradesh",0
"671c18b2bf2241294354f09b",39,"Pani Puri","Street Food","Karnataka",0
"671c18b2bf2241294354f09c",55,"Fish Curry","Street Food","West Bengal",0
"671c18b2bf2241294354f09d",44,"Fish Tikka","Street Food","Uttar Pradesh",0
"671c18b2bf2241294354f09e",44,"Dahi Puri","Dessert","Delhi",0
"671c18b2bf2241294354f09f",44,"Cheesy Veggie Wrap","Vegan","West Bengal",0
"671c18b2bf2241294354f0a0",61,"Spring Rolls","Seafood","Punjab",0
"671c18b2bf2241294354f0a1",56,"Aloo Tikki Chaat","Snacks","Uttar Pradesh",0
"671c18b2bf2241294354f0a2",29,"Zucchini Noodles","Chinese","Gujarat",0
"671c18b2bf2241294354f0a3",55,"Cheese Pav Bhaji","Street Food","West Bengal",0
"671c18b2bf2241294354f0a4",57,"Mac and Cheese","Indian Curry","Tamil Nadu",0
"671c18b2bf2241294354f0a5",54,"Spring Rolls","Spicy","Punjab",0
"671c18b2bf2241294354f0a6",33,"Cheese Dosa","Vegan","Delhi",0
"671c18b2bf2241294354f0a7",27,"Vegetable Soup","Healthy","Tamil Nadu",0
"671c18b2bf2241294354f0a8",51,"Cheese Samosa","Chinese","Punjab",0
"671c18b2bf2241294354f0a9",28,"Rabri","Spicy","Punjab",0
"671c18b2bf2241294354f0aa",53,"Hakka Noodles","Indian Curry","Rajasthan",0
"671c18b2bf2241294354f0ab",46,"Mac and Cheese","Snacks","Punjab",0
"671c18b2bf2241294354f0ac",60,"Dal Makhani","Snacks","Punjab",0
"671c18b2bf2241294354f0ad",22,"Dhokla","Spicy","Delhi",0
"671c18b2bf2241294354f0ae",62,"Bhel Puri","Dessert","Tamil Nadu",0
"671c18b2bf2241294354f0af",57,"Vegetable Soup","Spicy","Gujarat",0
"671c18b2bf2241294354f0b0",11,"Spring Rolls","Street Food","Maharashtra",0
"671c18b2bf2241294354f0b1",68,"Cheese Naan","Spicy","West Bengal",0
"671c18b2bf2241294354f0b2",15,"Pani Puri","Street Food","Delhi",0
"671c18b2bf2241294354f0b3",68,"Chicken Curry","Healthy","Delhi",0
"671c18b2bf2241294354f0b4",64,"Crab Masala","Chinese","West Bengal",0
"671c18b2bf2241294354f0b5",65,"Palak Paneer","Indian Curry","Tamil Nadu",0
"671c18b2bf2241294354f0b6",65,"Cheese Dosa","Seafood","Maharashtra",0
"671c18b2bf2241294354f0b7",38,"Chili Chicken","Indian Curry","Kerala",0
"671c18b2bf2241294354f0b8",57,"Samosa","Cheesy","Karnataka",0
"671c18b2bf2241294354f0b9",19,"Zucchini Noodles","Seafood","Uttar Pradesh",0
"671c18b2bf2241294354f0ba",29,"Masala Dosa","Chinese","Gujarat",0
"671c18b2bf2241294354f0bb",38,"Masala Dosa","Chinese","West Bengal",0
"671c18b2bf2241294354f0bc",63,"Chana Masala","Snacks","Kerala",0
"671c18b2bf2241294354f0bd",18,"Hakka Noodles","Snacks","Uttar Pradesh",0
"671c18b2bf2241294354f0be",49,"Paneer Butter Masala","Seafood","West Bengal",0
"671c18b2bf2241294354f0bf",50,"Chaat","Spicy","Tamil Nadu",0
"671c18b2bf2241294354f0c0",22,"Dim Sum","Vegan","Kerala",0
"671c18b2bf2241294354f0c1",44,"Chicken Curry","Healthy","Maharashtra",0
"671c18b2bf2241294354f0c2",17,"Fish Fry","Dessert","West Bengal",0
"671c18b2bf2241294354f0c3",21,"Cheesy Garlic Bread","Indian Curry","Maharashtra",0
"671c18b2bf2241294354f0c4",54,"Cheesy Veggie Wrap","Snacks","Gujarat",0
"671c18b2bf2241294354f0c5",44,"Kheer","Indian Curry","Gujarat",0
"671c18b2bf2241294354f0c6",65,"Methi Paratha","Cheesy","Gujarat",0
"671c18b2bf2241294354f0c7",24,"Chana Masala","Chinese","Uttar Pradesh",0
"671c18b2bf2241294354f0c8",27,"Cheesy Pasta","Snacks","Punjab",0
"671c18b2bf2241294354f0c9",41,"Fish Fry","Cheesy","Karnataka",0
"671c18b2bf2241294354f0ca",18,"Malabar Fish Curry","Healthy","Kerala",0
"671c18b2bf2241294354f0cb",45,"Chicken Curry","Indian Curry","Uttar Pradesh",0
"671c18b2bf2241294354f0cc",70,"Samosa","Street Food","Punjab",0
"671c18b2bf2241294354f0cd",12,"Tikki","Spicy","West Bengal",0
"671c18b2bf2241294354f0ce",22,"Kung Pao Chicken","Cheesy","Karnataka",0
"671c18b2bf2241294354f0cf",58,"Spicy Szechuan Noodles","Chinese","West Bengal",0
"671c18b2bf2241294354f0d0",12,"Aloo Gobi","Seafood","Tamil Nadu",0
"671c18b2bf2241294354f0d1",21,"Paneer Tikka Masala","Chinese","Maharashtra",0
"671c18b2bf2241294354f0d2",29,"Bombil Fry","Seafood","Kerala",0
"671c18b2bf2241294354f0d3",31,"Tandoori Fish","Healthy","Gujarat",0
"671c18b2bf2241294354f0d4",70,"Grilled Paneer","Vegan","Maharashtra",0
"671c18b2bf2241294354f0d5",68,"Murukku","Vegan","West Bengal",0
"671c18b2bf2241294354f0d6",31,"Quinoa Pulao","Indian Curry","Kerala",0
"671c18b2bf2241294354f0d7",43,"Murukku","Seafood","Delhi",0
"671c18b2bf2241294354f0d8",68,"Cheese Stuffed Mushroom","Cheesy","Gujarat",0
"671c18b2bf2241294354f0d9",11,"Kadai Paneer","Indian Curry","West Bengal",0
"671c18b2bf2241294354f0da",14,"Prawn Masala","Street Food","Karnataka",0
"671c18b2bf2241294354f0db",63,"Vegetable Chow Mein","Spicy","Maharashtra",0
"671c18b2bf2241294354f0dc",67,"Samosa","Cheesy","Gujarat",0
"671c18b2bf2241294354f0dd",33,"Dal Makhani","Seafood","Karnataka",0
"671c18b2bf2241294354f0de",69,"Dal Tadka","Street Food","Maharashtra",0
"671c18b2bf2241294354f0df",21,"Pakoras","Cheesy","Maharashtra",0
"671c18b2bf2241294354f0e0",40,"Chili Chicken","Spicy","Maharashtra",0
"671c18b2bf2241294354f0e1",29,"Pav Bhaji","Indian Curry","Punjab",0
"671c18b2bf2241294354f0e2",23,"Spring Rolls","Spicy","Karnataka",0
"671c18b2bf2241294354f0e3",47,"Mutton Rogan Josh","Snacks","Maharashtra",0
"671c18b2bf2241294354f0e4",54,"Chicken Vindaloo","Healthy","Karnataka",0
"671c18b2bf2241294354f0e5",33,"Dal Makhani","Healthy","Rajasthan",0
"671c18b2bf2241294354f0e6",36,"Cheese Pav Bhaji","Snacks","Maharashtra",0
"671c18b2bf2241294354f0e7",12,"Kadai Paneer","Healthy","Tamil Nadu",0
"671c18b2bf2241294354f0e8",34,"Sprouted Moong Salad","Indian Curry","West Bengal",0
"671c18b2bf2241294354f0e9",45,"Hakka Noodles","Cheesy","Delhi",0
"671c18b2bf2241294354f0ea",40,"Ladoo","Snacks","Gujarat",0
"671c18b2bf2241294354f0eb",40,"Mixed Vegetable Stir Fry","Vegan","Karnataka",0
"671c18b2bf2241294354f0ec",15,"Momos","Cheesy","Tamil Nadu",0
"671c18b2bf2241294354f0ed",45,"Stuffed Bell Peppers","Spicy","Punjab",0
"671c18b2bf2241294354f0ee",11,"Cheese Pav Bhaji","Indian Curry","Maharashtra",0
"671c18b2bf2241294354f0ef",67,"Murukku","Indian Curry","Karnataka",0
"671c18b2bf2241294354f0f0",44,"Oats Upma","Spicy","Karnataka",0
"671c18b2bf2241294354f0f1",56,"Fish Curry","Dessert","Karnataka",0
"671c18b2bf2241294354f0f2",70,"Aloo Gobi","Spicy","Rajasthan",0
"671c18b2bf2241294354f0f3",53,"Tandoori Chicken","Indian Curry","Karnataka",0
"671c18b2bf2241294354f0f4",11,"Cheese Dosa","Dessert","Gujarat",0
"671c18b2bf2241294354f0f5",59,"Vegetable Chow Mein","Healthy","Tamil Nadu",0
"671c18b2bf2241294354f0f6",25,"Salad","Dessert","Punjab",0
"671c18b2bf2241294354f0f7",15,"Pani Puri","Indian Curry","Maharashtra",0
"671c18b2bf2241294354f0f8",48,"Cheese Naan","Dessert","Rajasthan",0
"671c18b2bf2241294354f0f9",30,"Spicy Prawn Curry","Spicy","Delhi",0
"671c18b2bf2241294354f0fa",57,"Palak Paneer","Dessert","Tamil Nadu",0
"671c18b2bf2241294354f0fb",61,"Prawn Masala","Seafood","Delhi",0
"671c18b2bf2241294354f0fc",19,"Aloo Gobi","Healthy","West Bengal",0
"671c18b2bf2241294354f0fd",43,"Tandoori Fish","Street Food","Punjab",0
"671c18b2bf2241294354f0fe",42,"Sprouted Moong Salad","Healthy","Kerala",0
"671c18b2bf2241294354f0ff",53,"Spicy Szechuan Noodles","Seafood","Kerala",0
"671c18b2bf2241294354f100",52,"Sev Puri","Healthy","Maharashtra",0
"671c18b2bf2241294354f101",41,"Butter Chicken","Indian Curry","Punjab",0
"671c18b2bf2241294354f102",51,"Pani Puri","Dessert","Uttar Pradesh",0
"671c18b2bf2241294354f103",48,"Cheese Samosa","Dessert","Delhi",0
"671c18b2bf2241294354f104",36,"Jalebi","Chinese","Karnataka",0
"671c18b2bf2241294354f105",44,"Baingan Bharta","Healthy","Maharashtra",0
"671c18b2bf2241294354f106",59,"Oats Upma","Indian Curry","Karnataka",0
"671c18b2bf2241294354f107",31,"Fish Curry","Vegan","Rajasthan",0
"671c18b2bf2241294354f108",65,"Methi Paratha","Snacks","West Bengal",0
"671c18b2bf2241294354f109",24,"Cheese Stuffed Mushroom","Dessert","Tamil Nadu",0
"671c18b2bf2241294354f10a",70,"Rasgulla","Indian Curry","Maharashtra",0
"671c18b2bf2241294354f10b",17,"Chili Chicken","Vegan","Maharashtra",0
"671c18b2bf2241294354f10c",41,"Tandoori Fish","Street Food","Rajasthan",0
"671c18b2bf2241294354f10d",53,"Aloo Gobi","Street Food","Gujarat",0
"671c18b2bf2241294354f10e",56,"Dal Makhani","Street Food","Punjab",0
"671c18b2bf2241294354f10f",57,"Spring Rolls","Cheesy","Uttar Pradesh",0
"671c18b2bf2241294354f110",10,"Gulab Jamun","Cheesy","Delhi",0
"671c18b2bf2241294354f111",33,"Barfi","Dessert","Delhi",0
"671c18b2bf2241294354f112",48,"Sev Puri","Healthy","West Bengal",0
"671c18b2bf2241294354f113",49,"Rasgulla","Vegan","Punjab",0
"671c18b2bf2241294354f114",62,"Chaat","Street Food","West Bengal",0
"671c18b2bf2241294354f115",18,"Paneer Butter Masala","Snacks","Rajasthan",0
"671c18b2bf2241294354f116",66,"Goan Prawn Curry","Street Food","Delhi",0
"671c18b2bf2241294354f117",19,"Cheesy Garlic Bread","Dessert","Uttar Pradesh",0
"671c18b2bf2241294354f118",46,"Bhel Puri","Vegan","Gujarat",0
"671c18b2bf2241294354f119",27,"Dim Sum","Street Food","Tamil Nadu",0
"671c18b2bf2241294354f11a",10,"Aloo Gobi","Spicy","Rajasthan",0
"671c18b2bf2241294354f11b",59,"Chana Masala","Indian Curry","Rajasthan",0
"671c18b2bf2241294354f11c",13,"Manchurian","Street Food","Delhi",0
"671c18b2bf2241294354f11d",27,"Cheese Naan","Healthy","Delhi",0
"671c18b2bf2241294354f11e",13,"Samosa","Spicy","Delhi",0
"671c18b2bf2241294354f11f",17,"Chicken Curry","Dessert","Tamil Nadu",0
"671c18b2bf2241294354f120",69,"Mixed Vegetable Stir Fry","Vegan","Gujarat",0
"671c18b2bf2241294354f121",56,"Momos","Dessert","Rajasthan",0
"671c18b2bf2241294354f122",46,"Vada Pav","Chinese","Punjab",0
"671c18b2bf2241294354f123",24,"Spicy Prawn Curry","Indian Curry","West Bengal",0
"671c18b2bf2241294354f124",38,"Momos","Spicy","Maharashtra",0
"671c18b2bf2241294354f125",65,"Fish Tikka","Vegan","Uttar Pradesh",0
"671c18b2bf2241294354f126",41,"Vegetable Soup","Vegan","Kerala",0
"671c18b2bf2241294354f127",31,"Vada Pav","Street Food","West Bengal",0
"671c18b2bf2241294354f128",55,"Fish Tikka","Healthy","Punjab",0
"671c18b2bf2241294354f129",35,"Baingan Bharta","Spicy","Punjab",0
"671c18b2bf2241294354f12a",57,"Murukku","Street Food","Gujarat",0
"671c18b2bf2241294354f12b",25,"Paneer Tikka Masala","Chinese","Maharashtra",0
"671c18b2bf2241294354f12c",62,"Vegetable Biryani","Spicy","Kerala",0
"671c18b2bf2241294354f12d",57,"Cheesy Garlic Bread","Snacks","Karnataka",0
"671c18b2bf2241294354f12e",23,"Spicy Szechuan Noodles","Spicy","Delhi",0
"671c18b2bf2241294354f12f",65,"Palak Chaat","Cheesy","Tamil Nadu",0
"671c18b2bf2241294354f130",25,"Cheese Stuffed Mushroom","Healthy","Kerala",0
"671c18b2bf2241294354f131",45,"Prawn Biryani","Dessert","West Bengal",0
"671c18b2bf2241294354f132",38,"Malabar Fish Curry","Snacks","Delhi",0
"671c18b2bf2241294354f133",70,"Cheese Stuffed Mushroom","Seafood","Tamil Nadu",0
"671c18b2bf2241294354f134",23,"Kachori","Healthy","Kerala",0
"671c18b2bf2241294354f135",40,"Chana Masala","Spicy","West Bengal",0
"671c18b2bf2241294354f136",50,"Chana Masala","Street Food","Rajasthan",0
"671c18b2bf2241294354f137",27,"Prawn Masala","Cheesy","Rajasthan",0
"671c18b2bf2241294354f138",55,"Gajar Halwa","Spicy","Rajasthan",0
"671c18b2bf2241294354f139",69,"Stuffed Bell Peppers","Seafood","Tamil Nadu",0
"671c18b2bf2241294354f13a",70,"Gulab Jamun","Snacks","Punjab",0
"671c18b2bf2241294354f13b",54,"Dahi Puri","Street Food","Karnataka",0
"671c18b2bf2241294354f13c",27,"Vegetable Soup","Street Food","Punjab",0
"671c18b2bf2241294354f13d",48,"Fish Tikka","Chinese","Delhi",0
"671c18b2bf2241294354f13e",33,"Sev","Snacks","Delhi",0
"671c18b2bf2241294354f13f",38,"Tandoori Chicken","Vegan","West Bengal",0
"671c18b2bf2241294354f140",46,"Kachori","Cheesy","Maharashtra",0
"671c18b2bf2241294354f141",66,"Aloo Gobi","Healthy","Gujarat",0
"671c18b2bf2241294354f142",14,"Rajma Chawal","Indian Curry","Uttar Pradesh",0
"671c18b2bf2241294354f143",28,"Rajma Chawal","Cheesy","Rajasthan",0
"671c18b2bf2241294354f144",46,"Kadai Paneer","Chinese","Rajasthan",0
"671c18b2bf2241294354f145",19,"Fish Curry","Chinese","Kerala",0
"671c18b2bf2241294354f146",36,"Stuffed Bell Peppers","Chinese","Karnataka",0
"671c18b2bf2241294354f147",10,"Chicken Vindaloo","Seafood","Rajasthan",0
"671c18b2bf2241294354f148",15,"Rajma Chawal","Cheesy","West Bengal",0
"671c18b2bf2241294354f149",70,"Methi Paratha","Dessert","Maharashtra",0
"671c18b2bf2241294354f14a",47,"Murukku","Indian Curry","Tamil Nadu",0
"671c18b2bf2241294354f14b",24,"Kachori","Vegan","Rajasthan",0
"671c18b2bf2241294354f14c",47,"Hakka Noodles","Snacks","Uttar Pradesh",0
"671c18b2bf2241294354f14d",51,"Quinoa Pulao","Indian Curry","Karnataka",0
"671c18b2bf2241294354f14e",53,"Spicy Szechuan Noodles","Cheesy","Delhi",0
"671c18b2bf2241294354f14f",30,"Peda","Chinese","Rajasthan",0
"671c18b2bf2241294354f150",39,"Kuchcha Aam Ki Barfi","Vegan","West Bengal",0
"671c18b2bf2241294354f151",55,"Kachori","Vegan","Gujarat",0
"671c18b2bf2241294354f152",67,"Mac and Cheese","Street Food","Gujarat",0
"671c18b2bf2241294354f153",40,"Ladoo","Seafood","Punjab",0
"671c18b2bf2241294354f154",45,"Gulab Jamun","Indian Curry","Kerala",0
"671c18b2bf2241294354f155",65,"Bombil Fry","Snacks","Karnataka",0
"671c18b2bf2241294354f156",26,"Ghar Ka Khana","Dessert","Punjab",0
"671c18b2bf2241294354f157",23,"Pork Ribs","Street Food","Punjab",0
"671c18b2bf2241294354f158",49,"Grilled Paneer","Seafood","West Bengal",0
"671c18b2bf2241294354f159",56,"Sweet and Sour Chicken","Seafood","Punjab",0
"671c18b2bf2241294354f15a",13,"Grilled Paneer","Spicy","West Bengal",0
"671c18b2bf2241294354f15b",15,"Palak Paneer","Spicy","Punjab",0
"671c18b2bf2241294354f15c",26,"Cheesy Pasta","Healthy","Delhi",0
"671c18b2bf2241294354f15d",44,"Gajar Halwa","Indian Curry","Uttar Pradesh",0
"671c18b2bf2241294354f15e",43,"Pakoras","Spicy","Rajasthan",0
"671c18b2bf2241294354f15f",37,"Rabri","Dessert","West Bengal",0
"671c18b2bf2241294354f160",69,"Vegetable Soup","Dessert","Tamil Nadu",0
"671c18b2bf2241294354f161",13,"Masala Dosa","Street Food","West Bengal",0
"671c18b2bf2241294354f162",46,"Prawn Biryani","Healthy","Gujarat",0
"671c18b2bf2241294354f163",11,"Spicy Prawn Curry","Street Food","Karnataka",0
"671c18b2bf2241294354f164",26,"Kheer","Dessert","Delhi",0
"671c18b2bf2241294354f165",54,"Bombil Fry","Cheesy","Karnataka",0
"671c18b2bf2241294354f166",23,"Chana Masala","Vegan","Uttar Pradesh",0
"671c18b2bf2241294354f167",54,"Salad","Chinese","Uttar Pradesh",0
"671c18b2bf2241294354f168",63,"Kachori","Indian Curry","Delhi",0
"671c18b2bf2241294354f169",65,"Stuffed Capsicum","Seafood","West Bengal",0
"671c18b2bf2241294354f16a",49,"Spicy Szechuan Noodles","Cheesy","Delhi",0
"671c18b2bf2241294354f16b",32,"Hot and Sour Soup","Snacks","West Bengal",0
"671c18b2bf2241294354f16c",28,"Baingan Bharta","Chinese","Karnataka",0
"671c18b2bf2241294354f16d",65,"Spring Rolls","Healthy","Gujarat",0
"671c18b2bf2241294354f16e",66,"Methi Paratha","Spicy","Gujarat",0
"671c18b2bf2241294354f16f",49,"Prawn Biryani","Healthy","Gujarat",0
"671c18b2bf2241294354f170",27,"Cheese Samosa","Indian Curry","Uttar Pradesh",0
"671c18b2bf2241294354f171",56,"Spring Rolls","Spicy","Karnataka",0
"671c18b2bf2241294354f172",19,"Salad","Seafood","Uttar Pradesh",0
"671c18b2bf2241294354f173",10,"Kung Pao Chicken","Spicy","Karnataka",0
"671c18b2bf2241294354f174",25,"Bhel Puri","Snacks","Rajasthan",0
"671c18b2bf2241294354f175",23,"Fish Curry","Dessert","Punjab",0
"671c18b2bf2241294354f176",29,"Gulab Jamun","Chinese","West Bengal",0
"671c18b2bf2241294354f177",25,"Goan Prawn Curry","Street Food","Kerala",0
"671c18b2bf2241294354f178",36,"Prawn Biryani","Seafood","Uttar Pradesh",0
"671c18b2bf2241294354f179",29,"Sweet and Sour Chicken","Chinese","Tamil Nadu",0
"671c18b2bf2241294354f17a",35,"Stuffed Capsicum","Vegan","Karnataka",0
"671c18b2bf2241294354f17b",52,"Jalebi","Indian Curry","Rajasthan",0
"671c18b2bf2241294354f17c",41,"Chicken Vindaloo","Vegan","Uttar Pradesh",0
"671c18b2bf2241294354f17d",48,"Fish Tikka","Seafood","Tamil Nadu",0
"671c18b2bf2241294354f17e",37,"Vegetable Soup","Spicy","Gujarat",0
"671c18b2bf2241294354f17f",25,"Kung Pao Chicken","Cheesy","Kerala",0
"671c18b2bf2241294354f180",50,"Chili Chicken","Street Food","Delhi",0
"671c18b2bf2241294354f181",56,"Dal Makhani","Spicy","West Bengal",0
"671c18b2bf2241294354f182",49,"Prawn Biryani","Seafood","Karnataka",0
"671c18b2bf2241294354f183",42,"Malabar Fish Curry","Snacks","West Bengal",0
"671c18b2bf2241294354f184",36,"Mac and Cheese","Dessert","Delhi",0
"671c18b2bf2241294354f185",48,"Gulab Jamun","Healthy","Tamil Nadu",0
"671c18b2bf2241294354f186",63,"Kadai Paneer","Chinese","Maharashtra",0
"671c18b2bf2241294354f187",70,"Kheer","Snacks","Tamil Nadu",0
"671c18b2bf2241294354f188",10,"Mac and Cheese","Snacks","Gujarat",0
"671c18b2bf2241294354f189",27,"Gajar Halwa","Cheesy","Maharashtra",0
"671c18b2bf2241294354f18a",33,"Vegetable Biryani","Seafood","Karnataka",0
"671c18b2bf2241294354f18b",38,"Vegetable Biryani","Cheesy","Gujarat",0
"671c18b2bf2241294354f18c",54,"Cheese Dosa","Street Food","Punjab",0
"671c18b2bf2241294354f18d",63,"Prawn Biryani","Spicy","West Bengal",0
"671c18b2bf2241294354f18e",25,"Malabar Fish Curry","Chinese","Karnataka",0
"671c18b2bf2241294354f18f",62,"Methi Paratha","Cheesy","West Bengal",0
"671c18b2bf2241294354f190",12,"Chaat","Indian Curry","Karnataka",0
"671c18b2bf2241294354f191",35,"Malabar Fish Curry","Spicy","Gujarat",0
"671c18b2bf2241294354f192",30,"Kadai Paneer","Snacks","Karnataka",0
"671c18b2bf2241294354f193",66,"Zucchini Noodles","Chinese","Karnataka",0
"671c18b2bf2241294354f194",63,"Murukku","Seafood","West Bengal",0
"671c18b2bf2241294354f195",28,"Paneer Tikka Masala","Snacks","Uttar Pradesh",0
"671c18b2bf2241294354f196",48,"Sweet and Sour Chicken","Healthy","Delhi",0
"671c18b2bf2241294354f197",13,"Hot and Sour Soup","Vegan","Maharashtra",0
"671c18b2bf2241294354f198",41,"Rasgulla","Snacks","Uttar Pradesh",0
"671c18b2bf2241294354f199",16,"Pav Bhaji","Spicy","Tamil Nadu",0
"671c18b2bf2241294354f19a",67,"Tikki","Healthy","West Bengal",0
"671c18b2bf2241294354f19b",56,"Chana Masala","Chinese","Kerala",0
"671c18b2bf2241294354f19c",51,"Chaat","Indian Curry","Karnataka",0
"671c18b2bf2241294354f19d",22,"Murukku","Street Food","Punjab",0
"671c18b2bf2241294354f19e",26,"Mac and Cheese","Seafood","Uttar Pradesh",0
"671c18b2bf2241294354f19f",35,"Bhel Puri","Vegan","Tamil Nadu",0
"671c18b2bf2241294354f1a0",13,"Sev Puri","Cheesy","Punjab",0
"671c18b2bf2241294354f1a1",63,"Crab Masala","Healthy","Gujarat",0
"671c18b2bf2241294354f1a2",21,"Masala Dosa","Seafood","Uttar Pradesh",0
"671c18b2bf2241294354f1a3",28,"Tandoori Fish","Chinese","Maharashtra",0
"671c18b2bf2241294354f1a4",34,"Chana Masala","Seafood","Delhi",0
"671c18b2bf2241294354f1a5",35,"Paneer Butter Masala","Indian Curry","Maharashtra",0
"671c18b2bf2241294354f1a6",28,"Chili Chicken","Dessert","Maharashtra",0
"671c18b2bf2241294354f1a7",20,"Baingan Bharta","Healthy","Delhi",0
"671c18b2bf2241294354f1a8",62,"Dal Makhani","Seafood","Gujarat",0
"671c18b2bf2241294354f1a9",37,"Manchurian","Street Food","Gujarat",0
"671c18b2bf2241294354f1aa",24,"Chicken Vindaloo","Street Food","Tamil Nadu",0
"671c18b2bf2241294354f1ab",10,"Hakka Noodles","Healthy","Gujarat",0
"671c18b2bf2241294354f1ac",39,"Tandoori Cauliflower","Vegan","Uttar Pradesh",0
"671c18b2bf2241294354f1ad",67,"Pani Puri","Spicy","Punjab",0
"671c18b2bf2241294354f1ae",13,"Ladoo","Vegan","Kerala",0
"671c18b2bf2241294354f1af",55,"Spicy Szechuan Noodles","Street Food","Rajasthan",0
"671c18b2bf2241294354f1b0",52,"Vegetable Biryani","Indian Curry","Tamil Nadu",0
"671c18b2bf2241294354f1b1",39,"Sev","Spicy","Maharashtra",0
"671c18b2bf2241294354f1b2",30,"Pav Bhaji","Cheesy","Rajasthan",0
"671c18b2bf2241294354f1b3",62,"Cheese Samosa","Snacks","Uttar Pradesh",0
"671c18b2bf2241294354f1b4",16,"Kadai Paneer","Snacks","Karnataka",0
"671c18b2bf2241294354f1b5",47,"Mutton Rogan Josh","Vegan","Gujarat",0
"671c18b2bf2241294354f1b6",33,"Sev","Cheesy","West Bengal",0
"671c18b2bf2241294354f1b7",29,"Bombil Fry","Vegan","Tamil Nadu",0
"671c18b2bf2241294354f1b8",60,"Chana Masala","Spicy","Karnataka",0
"671c18b2bf2241294354f1b9",59,"Kheer","Dessert","Karnataka",0
"671c18b2bf2241294354f1ba",21,"Crab Masala","Vegan","Punjab",0
"671c18b2bf2241294354f1bb",61,"Momos","Chinese","Gujarat",0
"671c18b2bf2241294354f1bc",61,"Fish Curry","Vegan","West Bengal",0
"671c18b2bf2241294354f1bd",52,"Bhindi Masala","Vegan","Gujarat",0
"671c18b2bf2241294354f1be",60,"Cheese Samosa","Dessert","Karnataka",0
"671c18b2bf2241294354f1bf",18,"Gulab Jamun","Snacks","Gujarat",0
"671c18b2bf2241294354f1c0",57,"Vegan Pulao","Cheesy","Delhi",0
"671c18b2bf2241294354f1c1",42,"Tandoori Cauliflower","Healthy","Kerala",0
"671c18b2bf2241294354f1c2",38,"Spicy Szechuan Noodles","Seafood","Tamil Nadu",0
"671c18b2bf2241294354f1c3",38,"Paneer Butter Masala","Healthy","Punjab",0
"671c18b2bf2241294354f1c4",50,"Vegetable Biryani","Cheesy","Uttar Pradesh",0
"671c18b2bf2241294354f1c5",46,"Ghar Ka Khana","Snacks","Tamil Nadu",0
"671c18b2bf2241294354f1c6",38,"Cheesy Veggie Wrap","Dessert","Punjab",0
"671c18b2bf2241294354f1c7",49,"Fish Fry","Indian Curry","Kerala",0
"671c18b2bf2241294354f1c8",32,"Vegetable Soup","Cheesy","Uttar Pradesh",0
"671c18b2bf2241294354f1c9",45,"Chaat","Seafood","Punjab",0
"671c18b2bf2241294354f1ca",16,"Barfi","Spicy","Gujarat",0
"671c18b2bf2241294354f1cb",25,"Prawn Biryani","Chinese","Kerala",0
"671c18b2bf2241294354f1cc",54,"Kuchcha Aam Ki Barfi","Indian Curry","Punjab",0
"671c18b2bf2241294354f1cd",42,"Cheese Dosa","Chinese","Karnataka",0
"671c18b2bf2241294354f1ce",64,"Gulab Jamun","Snacks","Uttar Pradesh",0
"671c18b2bf2241294354f1cf",38,"Bhel Puri","Spicy","Gujarat",0
"671c18b2bf2241294354f1d0",38,"Gulab Jamun","Dessert","West Bengal",0
"671c18b2bf2241294354f1d1",23,"Paneer Tikka","Spicy","Karnataka",0
"671c18b2bf2241294354f1d2",28,"Chicken Vindaloo","Indian Curry","Delhi",0
"671c18b2bf2241294354f1d3",48,"Spring Rolls","Street Food","Karnataka",0
"671c18b2bf2241294354f1d4",58,"Vegetable Biryani","Seafood","Kerala",0
"671c18b2bf2241294354f1d5",51,"Mutton Rogan Josh","Seafood","Gujarat",0
"671c18b2bf2241294354f1d6",70,"Kuchcha Aam Ki Barfi","Healthy","Tamil Nadu",0
"671c18b2bf2241294354f1d7",18,"Prawn Masala","Seafood","Gujarat",0
"671c18b2bf2241294354f1d8",62,"Cheese Dosa","Spicy","Karnataka",0
"671c18b2bf2241294354f1d9",39,"Rabri","Healthy","Delhi",0
"671c18b2bf2241294354f1da",56,"Vegetable Chow Mein","Healthy","Delhi",0
"671c18b2bf2241294354f1db",34,"Vada Pav","Cheesy","Delhi",0
"671c18b2bf2241294354f1dc",24,"Tandoori Chicken","Cheesy","Gujarat",0
"671c18b2bf2241294354f1dd",25,"Rabri","Dessert","Rajasthan",0
"671c18b2bf2241294354f1de",39,"Masala Dosa","Seafood","Karnataka",0
"671c18b2bf2241294354f1df",12,"Spicy Prawn Curry","Dessert","Karnataka",0
"671c18b2bf2241294354f1e0",20,"Pani Puri","Spicy","Uttar Pradesh",0
"671c18b2bf2241294354f1e1",56,"Kung Pao Chicken","Street Food","Tamil Nadu",0
"671c18b2bf2241294354f1e2",68,"Pakoras","Street Food","Punjab",0
"671c18b2bf2241294354f1e3",31,"Vegetable Biryani","Street Food","Kerala",0
"671c18b2bf2241294354f1e4",48,"Prawn Masala","Cheesy","Uttar Pradesh",0
"671c18b2bf2241294354f1e5",28,"Spring Rolls","Vegan","Rajasthan",0
"671c18b2bf2241294354f1e6",35,"Kheer","Spicy","Karnataka",0
"671c18b2bf2241294354f1e7",27,"Prawn Biryani","Spicy","Punjab",0
"671c18b2bf2241294354f1e8",66,"Prawn Masala","Seafood","Karnataka",0
"671c18b2bf2241294354f1e9",16,"Chicken Curry","Indian Curry","Kerala",0
"671c18b2bf2241294354f1ea",15,"Cheesy Garlic Bread","Indian Curry","Uttar Pradesh",0
"671c18b2bf2241294354f1eb",24,"Chili Chicken","Street Food","Delhi",0
"671c18b2bf2241294354f1ec",51,"Tandoori Cauliflower","Spicy","Rajasthan",0
"671c18b2bf2241294354f1ed",25,"Tikki","Dessert","Gujarat",0
"671c18b2bf2241294354f1ee",63,"Kachori","Chinese","Tamil Nadu",0
"671c18b2bf2241294354f1ef",19,"Stuffed Bell Peppers","Street Food","Punjab",0
"671c18b2bf2241294354f1f0",15,"Aloo Gobi","Dessert","Punjab",0
"671c18b2bf2241294354f1f1",55,"Mutton Rogan Josh","Spicy","Karnataka",0
"671c18b2bf2241294354f1f2",58,"Fish Curry","Cheesy","Kerala",0
"671c18b2bf2241294354f1f3",63,"Bombil Fry","Snacks","Karnataka",0
"671c18b2bf2241294354f1f4",58,"Murukku","Vegan","Tamil Nadu",0
"671c18b2bf2241294354f1f5",63,"Ghar Ka Khana","Spicy","Maharashtra",0
"671c18b2bf2241294354f1f6",55,"Chili Chicken","Healthy","Rajasthan",0
"671c18b2bf2241294354f1f7",64,"Chaat","Seafood","Delhi",0
"671c18b2bf2241294354f1f8",44,"Rasgulla","Snacks","Maharashtra",0
"671c18b2bf2241294354f1f9",58,"Tandoori Chicken","Street Food","Punjab",0
"671c18b2bf2241294354f1fa",28,"Peda","Seafood","Punjab",0
"671c18b2bf2241294354f1fb",66,"Cheese Stuffed Mushroom","Vegan","Maharashtra",0
"671c18b2bf2241294354f1fc",30,"Spring Rolls","Snacks","Uttar Pradesh",0
"671c18b2bf2241294354f1fd",52,"Pani Puri","Cheesy","Gujarat",0
"671c18b2bf2241294354f1fe",66,"Hakka Noodles","Snacks","West Bengal",0
"671c18b2bf2241294354f1ff",10,"Vada Pav","Dessert","Delhi",0
"671c18b2bf2241294354f200",33,"Samosa","Snacks","Delhi",0
"671c18b2bf2241294354f201",12,"Cheesy Pasta","Chinese","Punjab",0
"671c18b2bf2241294354f202",33,"Vegetable Biryani","Indian Curry","Tamil Nadu",0
"671c18b2bf2241294354f203",30,"Barfi","Spicy","Delhi",0
"671c18b2bf2241294354f204",14,"Sev","Healthy","Rajasthan",0
"671c18b2bf2241294354f205",23,"Dahi Puri","Cheesy","Delhi",0
"671c18b2bf2241294354f206",55,"Ladoo","Street Food","Karnataka",0
"671c18b2bf2241294354f207",55,"Methi Paratha","Vegan","Tamil Nadu",0
"671c18b2bf2241294354f208",25,"Quinoa Pulao","Indian Curry","Delhi",0
"671c18b2bf2241294354f209",33,"Fish Tikka","Seafood","Rajasthan",0
"671c18b2bf2241294354f20a",15,"Tandoori Cauliflower","Street Food","Delhi",0
"671c18b2bf2241294354f20b",31,"Cheesy Pasta","Seafood","West Bengal",0
"671c18b2bf2241294354f20c",32,"Crab Masala","Snacks","Kerala",0
"671c18b2bf2241294354f20d",38,"Dhokla","Seafood","Delhi",0
"671c18b2bf2241294354f20e",47,"Kachori","Spicy","Maharashtra",0
"671c18b2bf2241294354f20f",20,"Sev Puri","Seafood","Uttar Pradesh",0
"671c18b2bf2241294354f210",66,"Sprouted Moong Salad","Healthy","Tamil Nadu",0
"671c18b2bf2241294354f211",48,"Salad","Dessert","Punjab",0
"671c18b2bf2241294354f212",48,"Pani Puri","Cheesy","Karnataka",0
"671c18b2bf2241294354f213",38,"Kung Pao Chicken","Snacks","Tamil Nadu",0
"671c18b2bf2241294354f214",19,"Quinoa Pulao","Spicy","Delhi",0
"671c18b2bf2241294354f215",40,"Chana Masala","Dessert","Karnataka",0
"671c18b2bf2241294354f216",16,"Tikki","Dessert","Punjab",0
"671c18b2bf2241294354f217",16,"Fish Curry","Chinese","Uttar Pradesh",0
"671c18b2bf2241294354f218",41,"Stuffed Capsicum","Dessert","Delhi",0
"671c18b2bf2241294354f219",30,"Vegetable Soup","Seafood","Delhi",0
"671c18b2bf2241294354f21a",48,"Pani Puri","Vegan","Kerala",0
"671c18b2bf2241294354f21b",29,"Butter Chicken","Healthy","Tamil Nadu",0
"671c18b2bf2241294354f21c",55,"Kachori","Indian Curry","Punjab",0
"671c18b2bf2241294354f21d",17,"Quinoa Pulao","Chinese","Tamil Nadu",0
"671c18b2bf2241294354f21e",18,"Crab Masala","Chinese","Karnataka",0
"671c18b2bf2241294354f21f",40,"Gajar Halwa","Dessert","Uttar Pradesh",0
"671c18b2bf2241294354f220",18,"Tandoori Chicken","Cheesy","Uttar Pradesh",0
"671c18b2bf2241294354f221",60,"Chicken Curry","Indian Curry","Karnataka",0
"671c18b2bf2241294354f222",53,"Spring Rolls","Chinese","Kerala",0
"671c18b2bf2241294354f223",19,"Chili Chicken","Chinese","Rajasthan",0
"671c18b2bf2241294354f224",43,"Cheese Naan","Chinese","Punjab",0
"671c18b2bf2241294354f225",27,"Gulab Jamun","Healthy","Rajasthan",0
"671c18b2bf2241294354f226",70,"Kachori","Healthy","Karnataka",0
"671c18b2bf2241294354f227",68,"Zucchini Noodles","Street Food","Rajasthan",0
"671c18b2bf2241294354f228",58,"Peda","Snacks","Kerala",0
"671c18b2bf2241294354f229",30,"Bombil Fry","Snacks","Tamil Nadu",0
"671c18b2bf2241294354f22a",16,"Momos","Cheesy","Delhi",0
"671c18b2bf2241294354f22b",47,"Kachori","Seafood","Karnataka",0
"671c18b2bf2241294354f22c",28,"Aloo Gobi","Snacks","Maharashtra",0
"671c18b2bf2241294354f22d",20,"Cheesy Garlic Bread","Dessert","Maharashtra",0
"671c18b2bf2241294354f22e",70,"Pork Ribs","Snacks","Punjab",0
"671c18b2bf2241294354f22f",34,"Butter Chicken","Vegan","Uttar Pradesh",0
"671c18b2bf2241294354f230",40,"Sev Puri","Healthy","Uttar Pradesh",0
"671c18b2bf2241294354f231",42,"Barfi","Dessert","Kerala",0
"671c18b2bf2241294354f232",55,"Manchurian","Street Food","Maharashtra",0
"671c18b2bf2241294354f233",40,"Chaat","Cheesy","Delhi",0
"671c18b2bf2241294354f234",54,"Samosa","Cheesy","Uttar Pradesh",0
"671c18b2bf2241294354f235",62,"Samosa","Indian Curry","Tamil Nadu",0
"671c18b2bf2241294354f236",54,"Dahi Puri","Healthy","Kerala",0
"671c18b2bf2241294354f237",15,"Cheese Dosa","Seafood","West Bengal",0
"671c18b2bf2241294354f238",41,"Tandoori Fish","Chinese","Rajasthan",0
"671c18b2bf2241294354f239",51,"Vegetable Chow Mein","Street Food","Maharashtra",0
"671c18b2bf2241294354f23a",11,"Chili Chicken","Vegan","Delhi",0
"671c18b2bf2241294354f23b",25,"Bhel Puri","Chinese","Karnataka",0
"671c18b2bf2241294354f23c",52,"Salad","Dessert","Maharashtra",0
"671c18b2bf2241294354f23d",69,"Vegetable Soup","Snacks","Gujarat",0
"671c18b2bf2241294354f23e",12,"Cheese Dosa","Seafood","Rajasthan",0
"671c18b2bf2241294354f23f",39,"Cheesy Pasta","Seafood","West Bengal",0
"671c18b2bf2241294354f240",36,"Stuffed Bell Peppers","Seafood","Kerala",0
"671c18b2bf2241294354f241",38,"Salad","Chinese","Uttar Pradesh",0
"671c18b2bf2241294354f242",30,"Sev","Vegan","Punjab",0
"671c18b2bf2241294354f243",70,"Murukku","Healthy","Uttar Pradesh",0
"671c18b2bf2241294354f244",15,"Stuffed Bell Peppers","Spicy","Uttar Pradesh",0
"671c18b2bf2241294354f245",64,"Sev","Dessert","Punjab",0
"671c18b2bf2241294354f246",42,"Chicken Vindaloo","Cheesy","Kerala",0
"671c18b2bf2241294354f247",60,"Chicken Curry","Vegan","Gujarat",0
"671c18b2bf2241294354f248",14,"Gajar Halwa","Seafood","Punjab",0
"671c18b2bf2241294354f249",12,"Mutton Rogan Josh","Vegan","Uttar Pradesh",0
"671c18b2bf2241294354f24a",63,"Zucchini Noodles","Vegan","Rajasthan",0
"671c18b2bf2241294354f24b",65,"Peda","Seafood","Gujarat",0
"671c18b2bf2241294354f24c",10,"Peda","Cheesy","Uttar Pradesh",0
"671c18b2bf2241294354f24d",46,"Oats Upma","Snacks","Kerala",0
"671c18b2bf2241294354f24e",60,"Methi Paratha","Cheesy","Uttar Pradesh",0
"671c18b2bf2241294354f24f",39,"Sweet and Sour Chicken","Snacks","Rajasthan",0
"671c18b2bf2241294354f250",56,"Pork Ribs","Seafood","Punjab",0
"671c18b2bf2241294354f251",61,"Rajma","Cheesy","Karnataka",0
"671c18b2bf2241294354f252",52,"Sev Puri","Spicy","Uttar Pradesh",0
"671c18b2bf2241294354f253",52,"Kheer","Indian Curry","Maharashtra",0
"671c18b2bf2241294354f254",35,"Vegetable Biryani","Dessert","Maharashtra",0
"671c18b2bf2241294354f255",28,"Cheese Dosa","Snacks","Maharashtra",0
"671c18b2bf2241294354f256",28,"Bhindi Masala","Vegan","Maharashtra",0
"671c18b2bf2241294354f257",66,"Vegetable Chow Mein","Snacks","Punjab",0
"671c18b2bf2241294354f258",32,"Methi Paratha","Seafood","Karnataka",0
"671c18b2bf2241294354f259",61,"Fried Rice","Seafood","Gujarat",0
"671c18b2bf2241294354f25a",56,"Ghar Ka Khana","Seafood","Punjab",0
"671c18b2bf2241294354f25b",52,"Aloo Tikki","Cheesy","West Bengal",0
"671c18b2bf2241294354f25c",30,"Gulab Jamun","Chinese","Delhi",0
"671c18b2bf2241294354f25d",53,"Spicy Szechuan Noodles","Seafood","Delhi",0
"671c18b2bf2241294354f25e",57,"Kachori","Spicy","Uttar Pradesh",0
"671c18b2bf2241294354f25f",14,"Murukku","Street Food","Kerala",0
"671c18b2bf2241294354f260",35,"Fish Curry","Indian Curry","Tamil Nadu",0
"671c18b2bf2241294354f261",36,"Dal Tadka","Dessert","Delhi",0
"671c18b2bf2241294354f262",16,"Vegetable Biryani","Street Food","Punjab",0
"671c18b2bf2241294354f263",25,"Sweet and Sour Chicken","Street Food","Tamil Nadu",0
"671c18b2bf2241294354f264",68,"Aloo Tikki Chaat","Spicy","Rajasthan",0
"671c18b2bf2241294354f265",64,"Samosa","Healthy","Uttar Pradesh",0
"671c18b2bf2241294354f266",41,"Jalebi","Spicy","Punjab",0
"671c18b2bf2241294354f267",12,"Gulab Jamun","Seafood","Uttar Pradesh",0
"671c18b2bf2241294354f268",41,"Stuffed Bell Peppers","Chinese","Maharashtra",0
"671c18b2bf2241294354f269",43,"Stuffed Bell Peppers","Cheesy","Karnataka",0
"671c18b2bf2241294354f26a",25,"Vegetable Chow Mein","Indian Curry","Kerala",0
"671c18b2bf2241294354f26b",19,"Sweet and Sour Chicken","Spicy","Kerala",0
"671c18b2bf2241294354f26c",19,"Prawn Biryani","Vegan","Punjab",0
"671c18b2bf2241294354f26d",29,"Dhokla","Indian Curry","Kerala",0
"671c18b2bf2241294354f26e",43,"Murukku","Spicy","Uttar Pradesh",0
"671c18b2bf2241294354f26f",40,"Fish Curry","Vegan","Uttar Pradesh",0
"671c18b2bf2241294354f270",22,"Hakka Noodles","Snacks","Rajasthan",0
"671c18b2bf2241294354f271",42,"Prawn Biryani","Vegan","Punjab",0
"671c18b2bf2241294354f272",13,"Tandoori Cauliflower","Indian Curry","Kerala",0
"671c18b2bf2241294354f273",14,"Mac and Cheese","Spicy","Maharashtra",0
"671c18b2bf2241294354f274",16,"Pork Ribs","Cheesy","Rajasthan",0
"671c18b2bf2241294354f275",10,"Palak Paneer","Dessert","Kerala",0
"671c18b2bf2241294354f276",60,"Tikki","Seafood","Gujarat",0
"671c18b2bf2241294354f277",59,"Momos","Cheesy","West Bengal",0
"671c18b2bf2241294354f278",59,"Tandoori Cauliflower","Spicy","Karnataka",0
"671c18b2bf2241294354f279",45,"Ghar Ka Khana","Street Food","Karnataka",0
"671c18b2bf2241294354f27a",11,"Samosa","Dessert","Tamil Nadu",0
"671c18b2bf2241294354f27b",53,"Vegetable Chow Mein","Indian Curry","West Bengal",0
"671c18b2bf2241294354f27c",56,"Rajma","Vegan","Tamil Nadu",0
"671c18b2bf2241294354f27d",30,"Sev Puri","Chinese","Delhi",0
"671c18b2bf2241294354f27e",63,"Malabar Fish Curry","Snacks","Uttar Pradesh",0
"671c18b2bf2241294354f27f",50,"Kung Pao Chicken","Spicy","Uttar Pradesh",0
"671c18b2bf2241294354f280",35,"Spring Rolls","Street Food","Rajasthan",0
"671c18b2bf2241294354f281",19,"Vegan Pulao","Spicy","Gujarat",0
"671c18b2bf2241294354f282",53,"Spring Rolls","Dessert","West Bengal",0
"671c18b2bf2241294354f283",17,"Pakoras","Healthy","Maharashtra",0
"671c18b2bf2241294354f284",45,"Murukku","Snacks","Maharashtra",0
"671c18b2bf2241294354f285",60,"Gulab Jamun","Vegan","Rajasthan",0
"671c18b2bf2241294354f286",55,"Sweet and Sour Chicken","Dessert","Delhi",0
"671c18b2bf2241294354f287",41,"Hot and Sour Soup","Seafood","Kerala",0
"671c18b2bf2241294354f288",58,"Stuffed Capsicum","Indian Curry","Kerala",0
"671c18b2bf2241294354f289",34,"Paneer Tikka Masala","Healthy","Karnataka",0
"671c18b2bf2241294354f28a",13,"Aloo Tikki Chaat","Healthy","Tamil Nadu",0
"671c18b2bf2241294354f28b",44,"Kachori","Spicy","Rajasthan",0
"671c18b2bf2241294354f28c",59,"Spring Rolls","Vegan","Delhi",0
"671c18b2bf2241294354f28d",51,"Spicy Szechuan Noodles","Seafood","Kerala",0
"671c18b2bf2241294354f28e",46,"Tandoori Chicken","Dessert","Delhi",0
"671c18b2bf2241294354f28f",41,"Oats Upma","Vegan","Kerala",0
"671c18b2bf2241294354f290",22,"Murukku","Snacks","Kerala",0
"671c18b2bf2241294354f291",24,"Chaat","Snacks","West Bengal",0
"671c18b2bf2241294354f292",42,"Tandoori Fish","Dessert","Karnataka",0
"671c18b2bf2241294354f293",64,"Bhindi Masala","Dessert","Uttar Pradesh",0
"671c18b2bf2241294354f294",14,"Pakoras","Healthy","Rajasthan",0
"671c18b2bf2241294354f295",70,"Aloo Tikki","Street Food","Rajasthan",0
"671c18b2bf2241294354f296",10,"Bombil Fry","Dessert","Uttar Pradesh",0
"671c18b2bf2241294354f297",20,"Rajma Chawal","Cheesy","Punjab",0
"671c18b2bf2241294354f298",61,"Vegetable Biryani","Cheesy","Tamil Nadu",0
"671c18b2bf2241294354f299",15,"Fish Curry","Seafood","Maharashtra",0
"671c18b2bf2241294354f29a",58,"Cheesy Garlic Bread","Street Food","Uttar Pradesh",0
"671c18b2bf2241294354f29b",57,"Sev","Cheesy","Kerala",0
"671c18b2bf2241294354f29c",51,"Bombil Fry","Healthy","Delhi",0
"671c18b2bf2241294354f29d",61,"Vegetable Biryani","Cheesy","Punjab",0
"671c18b2bf2241294354f29e",38,"Fish Curry","Healthy","Kerala",0
"671c18b2bf2241294354f29f",18,"Samosa","Vegan","West Bengal",0
"671c18b2bf2241294354f2a0",18,"Tandoori Fish","Spicy","Delhi",0
"671c18b2bf2241294354f2a1",53,"Vegan Pulao","Dessert","Maharashtra",0
"671c18b2bf2241294354f2a2",18,"Kachori","Cheesy","Gujarat",0
"671c18b2bf2241294354f2a3",65,"Kadai Paneer","Cheesy","West Bengal",0
"671c18b2bf2241294354f2a4",28,"Butter Chicken","Indian Curry","West Bengal",0
"671c18b2bf2241294354f2a5",10,"Paneer Butter Masala","Spicy","Tamil Nadu",0
"671c18b2bf2241294354f2a6",27,"Prawn Masala","Street Food","Karnataka",0
"671c18b2bf2241294354f2a7",32,"Spicy Prawn Curry","Vegan","Delhi",0
"671c18b2bf2241294354f2a8",25,"Mac and Cheese","Snacks","West Bengal",0
"671c18b2bf2241294354f2a9",42,"Vada Pav","Snacks","Maharashtra",0
"671c18b2bf2241294354f2aa",48,"Samosa","Snacks","Uttar Pradesh",0
"671c18b2bf2241294354f2ab",35,"Gulab Jamun","Dessert","Maharashtra",0
"671c18b2bf2241294354f2ac",12,"Cheese Samosa","Healthy","Tamil Nadu",0
"671c18b2bf2241294354f2ad",36,"Pani Puri","Dessert","Maharashtra",0
"671c18b2bf2241294354f2ae",11,"Cheese Naan","Seafood","West Bengal",0
"671c18b2bf2241294354f2af",14,"Palak Chaat","Cheesy","Uttar Pradesh",0
"671c18b2bf2241294354f2b0",10,"Momos","Healthy","West Bengal",0
"671c18b2bf2241294354f2b1",54,"Kachori","Snacks","Uttar Pradesh",0
"671c18b2bf2241294354f2b2",35,"Cheesy Pasta","Spicy","Kerala",0
"671c18b2bf2241294354f2b3",70,"Stuffed Capsicum","Healthy","Rajasthan",0
"671c18b2bf2241294354f2b4",41,"Grilled Paneer","Vegan","Tamil Nadu",0
"671c18b2bf2241294354f2b5",27,"Kung Pao Chicken","Street Food","Punjab",0
"671c18b2bf2241294354f2b6",63,"Crab Masala","Street Food","Uttar Pradesh",0
"671c18b2bf2241294354f2b7",38,"Hakka Noodles","Spicy","West Bengal",0
"671c18b2bf2241294354f2b8",21,"Ladoo","Cheesy","Gujarat",0
"671c18b2bf2241294354f2b9",12,"Vegetable Biryani","Spicy","Uttar Pradesh",0
"671c18b2bf2241294354f2ba",24,"Pani Puri","Street Food","Kerala",0
"671c18b2bf2241294354f2bb",49,"Samosa","Chinese","Tamil Nadu",0
"671c18b2bf2241294354f2bc",16,"Kuchcha Aam Ki Barfi","Snacks","Punjab",0
"671c18b2bf2241294354f2bd",15,"Rajma Chawal","Spicy","Tamil Nadu",0
"671c18b2bf2241294354f2be",55,"Chicken Vindaloo","Spicy","Rajasthan",0
"671c18b2bf2241294354f2bf",47,"Ladoo","Cheesy","Tamil Nadu",0
"671c18b2bf2241294354f2c0",13,"Palak Chaat","Seafood","Tamil Nadu",0
"671c18b2bf2241294354f2c1",63,"Cheese Naan","Dessert","Rajasthan",0
"671c18b2bf2241294354f2c2",67,"Kadai Paneer","Snacks","Uttar Pradesh",0
"671c18b2bf2241294354f2c3",20,"Chana Masala","Dessert","Maharashtra",0
"671c18b2bf2241294354f2c4",19,"Mixed Vegetable Stir Fry","Seafood","Uttar Pradesh",0
"671c18b2bf2241294354f2c5",53,"Fish Fry","Snacks","West Bengal",0
"671c18b2bf2241294354f2c6",64,"Vegan Pulao","Seafood","Karnataka",0
"671c18b2bf2241294354f2c7",46,"Murukku","Healthy","Delhi",0
"671c18b2bf2241294354f2c8",35,"Spicy Szechuan Noodles","Seafood","Gujarat",0
"671c18b2bf2241294354f2c9",26,"Bombil Fry","Seafood","West Bengal",0
"671c18b2bf2241294354f2ca",36,"Fish Tikka","Cheesy","Delhi",0
"671c18b2bf2241294354f2cb",62,"Chaat","Cheesy","Tamil Nadu",0
"671c18b2bf2241294354f2cc",10,"Mixed Vegetable Stir Fry","Healthy","Gujarat",0
"671c18b2bf2241294354f2cd",39,"Vegetable Soup","Cheesy","Maharashtra",0
"671c18b2bf2241294354f2ce",44,"Rabri","Indian Curry","Karnataka",0
"671c18b2bf2241294354f2cf",26,"Sweet and Sour Chicken","Indian Curry","Kerala",0
"671c18b2bf2241294354f2d0",61,"Sev","Cheesy","Kerala",0
"671c18b2bf2241294354f2d1",38,"Pani Puri","Chinese","West Bengal",0
"671c18b2bf2241294354f2d2",58,"Tikki","Street Food","Maharashtra",0
"671c18b2bf2241294354f2d3",13,"Tandoori Chicken","Indian Curry","Gujarat",0
"671c18b2bf2241294354f2d4",54,"Rasgulla","Indian Curry","Delhi",0
"671c18b2bf2241294354f2d5",33,"Crab Masala","Seafood","Karnataka",0
"671c18b2bf2241294354f2d6",38,"Aloo Tikki Chaat","Chinese","Gujarat",0
"671c18b2bf2241294354f2d7",56,"Pani Puri","Healthy","West Bengal",0
"671c18b2bf2241294354f2d8",58,"Momos","Street Food","West Bengal",0
"671c18b2bf2241294354f2d9",26,"Stuffed Bell Peppers","Seafood","Delhi",0
"671c18b2bf2241294354f2da",31,"Sev Puri","Spicy","Kerala",0
"671c18b2bf2241294354f2db",22,"Pani Puri","Indian Curry","Punjab",0
"671c18b2bf2241294354f2dc",43,"Paneer Tikka","Cheesy","Uttar Pradesh",0
"671c18b2bf2241294354f2dd",36,"Cheese Dosa","Healthy","Maharashtra",0
"671c18b2bf2241294354f2de",63,"Tikki","Cheesy","Punjab",0
"671c18b2bf2241294354f2df",13,"Gajar Halwa","Vegan","Delhi",0
"671c18b2bf2241294354f2e0",30,"Fried Rice","Spicy","Gujarat",0
"671c18b2bf2241294354f2e1",67,"Paneer Tikka Masala","Vegan","Karnataka",0
"671c18b2bf2241294354f2e2",35,"Malabar Fish Curry","Street Food","Punjab",0
"671c18b2bf2241294354f2e3",20,"Pav Bhaji","Spicy","Uttar Pradesh",0
"671c18b2bf2241294354f2e4",67,"Rasgulla","Chinese","Maharashtra",0
"671c18b2bf2241294354f2e5",55,"Dim Sum","Dessert","Maharashtra",0
"671c18b2bf2241294354f2e6",24,"Butter Chicken","Spicy","Punjab",0
"671c18b2bf2241294354f2e7",60,"Chicken Vindaloo","Snacks","Kerala",0
"671c18b2bf2241294354f2e8",67,"Pani Puri","Seafood","Delhi",0
"671c18b2bf2241294354f2e9",35,"Salad","Indian Curry","Delhi",0
"671c18b2bf2241294354f2ea",53,"Dal Tadka","Chinese","West Bengal",0
"671c18b2bf2241294354f2eb",20,"Fried Rice","Spicy","Gujarat",0
"671c18b2bf2241294354f2ec",55,"Salad","Dessert","Gujarat",0
"671c18b2bf2241294354f2ed",28,"Chicken Curry","Indian Curry","West Bengal",0
"671c18b2bf2241294354f2ee",44,"Chana Masala","Healthy","Rajasthan",0
"671c18b2bf2241294354f2ef",47,"Barfi","Chinese","Maharashtra",0
"671c18b2bf2241294354f2f0",20,"Sweet and Sour Chicken","Snacks","Rajasthan",0
"671c18b2bf2241294354f2f1",46,"Chicken Curry","Cheesy","Punjab",0
"671c18b2bf2241294354f2f2",16,"Cheesy Veggie Wrap","Dessert","Uttar Pradesh",0
"671c18b2bf2241294354f2f3",45,"Tandoori Chicken","Seafood","Karnataka",0
"671c18b2bf2241294354f2f4",66,"Quinoa Pulao","Street Food","Kerala",0
"671c18b2bf2241294354f2f5",33,"Mixed Vegetable Stir Fry","Cheesy","West Bengal",0
"671c18b2bf2241294354f2f6",45,"Pav Bhaji","Chinese","Punjab",0
"671c18b2bf2241294354f2f7",24,"Samosa","Indian Curry","Maharashtra",0
"671c18b2bf2241294354f2f8",20,"Vegetable Soup","Street Food","Tamil Nadu",0
"671c18b2bf2241294354f2f9",20,"Bombil Fry","Seafood","Tamil Nadu",0
"671c18b2bf2241294354f2fa",39,"Chaat","Cheesy","Rajasthan",0
"671c18b2bf2241294354f2fb",11,"Paneer Tikka","Vegan","Gujarat",0
"671c18b2bf2241294354f2fc",41,"Chaat","Seafood","Gujarat",0
"671c18b2bf2241294354f2fd",16,"Kheer","Seafood","Tamil Nadu",0
"671c18b2bf2241294354f2fe",28,"Fried Rice","Indian Curry","Kerala",0
"671c18b2bf2241294354f2ff",32,"Spring Rolls","Healthy","Maharashtra",0
"671c18b2bf2241294354f300",13,"Bhindi Masala","Spicy","Uttar Pradesh",0
"671c18b2bf2241294354f301",57,"Samosa","Indian Curry","Delhi",0
"671c18b2bf2241294354f302",56,"Prawn Masala","Cheesy","Punjab",0
"671c18b2bf2241294354f303",25,"Ladoo","Street Food","Kerala",0
"671c18b2bf2241294354f304",68,"Prawn Biryani","Dessert","Gujarat",0
"671c18b2bf2241294354f305",43,"Murukku","Indian Curry","Punjab",0
"671c18b2bf2241294354f306",50,"Bombil Fry","Snacks","Uttar Pradesh",0
"671c18b2bf2241294354f307",54,"Paneer Tikka Masala","Seafood","Punjab",0
"671c18b2bf2241294354f308",55,"Murukku","Indian Curry","Karnataka",0
"671c18b2bf2241294354f309",48,"Aloo Gobi","Chinese","Uttar Pradesh",0
"671c18b2bf2241294354f30a",17,"Rabri","Snacks","Maharashtra",0
"671c18b2bf2241294354f30b",47,"Butter Chicken","Dessert","Tamil Nadu",0
"671c18b2bf2241294354f30c",47,"Hakka Noodles","Street Food","Delhi",0
"671c18b2bf2241294354f30d",16,"Quinoa Pulao","Healthy","Kerala",0
"671c18b2bf2241294354f30e",60,"Butter Chicken","Vegan","Tamil Nadu",0
"671c18b2bf2241294354f30f",29,"Cheesy Garlic Bread","Spicy","Rajasthan",0
"671c18b2bf2241294354f310",66,"Paneer Tikka Masala","Dessert","Gujarat",0
"671c18b2bf2241294354f311",43,"Dahi Puri","Spicy","Maharashtra",0
"671c18b2bf2241294354f312",60,"Pav Bhaji","Chinese","Kerala",0
"671c18b2bf2241294354f313",35,"Ghar Ka Khana","Seafood","West Bengal",0
"671c18b2bf2241294354f314",46,"Pani Puri","Seafood","West Bengal",0
"671c18b2bf2241294354f315",66,"Gulab Jamun","Spicy","Punjab",0
"671c18b2bf2241294354f316",20,"Vada Pav","Cheesy","Uttar Pradesh",0
"671c18b2bf2241294354f317",50,"Rabri","Vegan","Uttar Pradesh",0
"671c18b2bf2241294354f318",32,"Peda","Dessert","Rajasthan",0
"671c18b2bf2241294354f319",26,"Tandoori Fish","Seafood","Rajasthan",0
"671c18b2bf2241294354f31a",61,"Cheesy Garlic Bread","Healthy","Delhi",0
"671c18b2bf2241294354f31b",55,"Bhindi Masala","Spicy","Maharashtra",0
"671c18b2bf2241294354f31c",56,"Murukku","Dessert","Karnataka",0
"671c18b2bf2241294354f31d",70,"Hot and Sour Soup","Spicy","Delhi",0
"671c18b2bf2241294354f31e",12,"Chili Chicken","Dessert","Tamil Nadu",0
"671c18b2bf2241294354f31f",15,"Jalebi","Vegan","Delhi",0
"671c18b2bf2241294354f320",65,"Cheese Naan","Vegan","Punjab",0
"671c18b2bf2241294354f321",34,"Gulab Jamun","Chinese","Uttar Pradesh",0
"671c18b2bf2241294354f322",36,"Dal Makhani","Seafood","Karnataka",0
"671c18b2bf2241294354f323",31,"Hot and Sour Soup","Healthy","Gujarat",0
"671c18b2bf2241294354f324",36,"Bhindi Masala","Spicy","Maharashtra",0
"671c18b2bf2241294354f325",42,"Prawn Biryani","Chinese","West Bengal",0
"671c18b2bf2241294354f326",65,"Tandoori Cauliflower","Healthy","West Bengal",0
"671c18b2bf2241294354f327",55,"Hakka Noodles","Snacks","Maharashtra",0
"671c18b2bf2241294354f328",45,"Quinoa Pulao","Seafood","Gujarat",0
"671c18b2bf2241294354f329",10,"Fried Rice","Dessert","Delhi",0
"671c18b2bf2241294354f32a",58,"Cheesy Veggie Wrap","Cheesy","West Bengal",0
"671c18b2bf2241294354f32b",37,"Dal Tadka","Vegan","West Bengal",0
"671c18b2bf2241294354f32c",26,"Hot and Sour Soup","Chinese","Punjab",0
"671c18b2bf2241294354f32d",31,"Palak Chaat","Healthy","Punjab",0
"671c18b2bf2241294354f32e",58,"Chicken Vindaloo","Chinese","West Bengal",0
"671c18b2bf2241294354f32f",18,"Peda","Chinese","Kerala",0
"671c18b2bf2241294354f330",42,"Salad","Vegan","Tamil Nadu",0
"671c18b2bf2241294354f331",37,"Fish Tikka","Street Food","Karnataka",0
"671c18b2bf2241294354f332",20,"Chili Chicken","Vegan","Gujarat",0
"671c18b2bf2241294354f333",21,"Chana Masala","Healthy","Gujarat",0